Episode_ID,Source_File,Split,Start,End,Duration_Seconds,Windows,Mean_Attack_Ratio,Max_Attack_Ratio
1,Friday-02-03-2018_TrafficForML_CICFlowMeter_30s_state.csv,TEST,2018-03-02 01:05:00,2018-03-02 03:54:30,10200.0,340,0.361267952341811,0.7749307479224377
2,Friday-02-03-2018_TrafficForML_CICFlowMeter_30s_state.csv,TEST,2018-03-02 10:13:00,2018-03-02 12:59:30,10020.0,334,0.34648358859154077,0.832102081934184
3,Friday-16-02-2018_TrafficForML_CICFlowMeter_30s_state.csv,TRAIN,2018-02-16 10:16:30,2018-02-16 10:58:00,2520.0,84,0.9994932018393257,1.0
4,Friday-23-02-2018_TrafficForML_CICFlowMeter_30s_state.csv,TRAIN,2018-02-23 01:05:30,2018-02-23 01:05:30,30.0,1,0.0020242914979757,0.0020242914979757
5,Friday-23-02-2018_TrafficForML_CICFlowMeter_30s_state.csv,TRAIN,2018-02-23 01:06:30,2018-02-23 01:06:30,30.0,1,0.0034662045060658,0.0034662045060658
6,Friday-23-02-2018_TrafficForML_CICFlowMeter_30s_state.csv,TRAIN,2018-02-23 01:07:30,2018-02-23 01:07:30,30.0,1,0.0014074595355383,0.0014074595355383
7,Friday-23-02-2018_TrafficForML_CICFlowMeter_30s_state.csv,TRAIN,2018-02-23 01:08:30,2018-02-23 01:08:30,30.0,1,0.0013131976362442,0.0013131976362442
8,Friday-23-02-2018_TrafficForML_CICFlowMeter_30s_state.csv,TRAIN,2018-02-23 01:09:30,2018-02-23 01:09:30,30.0,1,0.0035398230088495,0.0035398230088495
9,Friday-23-02-2018_TrafficForML_CICFlowMeter_30s_state.csv,TRAIN,2018-02-23 01:10:30,2018-02-23 01:10:30,30.0,1,0.0028943560057887,0.0028943560057887
10,Friday-23-02-2018_TrafficForML_CICFlowMeter_30s_state.csv,TRAIN,2018-02-23 01:11:30,2018-02-23 01:13:00,120.0,4,0.002590703208357325,0.0044843049327354
11,Friday-23-02-2018_TrafficForML_CICFlowMeter_30s_state.csv,TRAIN,2018-02-23 01:14:00,2018-02-23 01:14:00,30.0,1,0.0047961630695443,0.0047961630695443
12,Friday-23-02-2018_TrafficForML_CICFlowMeter_30s_state.csv,TRAIN,2018-02-23 01:15:00,2018-02-23 01:15:00,30.0,1,0.0016638935108153,0.0016638935108153
13,Friday-23-02-2018_TrafficForML_CICFlowMeter_30s_state.csv,TRAIN,2018-02-23 01:16:00,2018-02-23 01:16:00,30.0,1,0.0023201856148491,0.0023201856148491
14,Friday-23-02-2018_TrafficForML_CICFlowMeter_30s_state.csv,TRAIN,2018-02-23 01:17:00,2018-02-23 01:17:00,30.0,1,0.0029895366218236,0.0029895366218236
15,Friday-23-02-2018_TrafficForML_CICFlowMeter_30s_state.csv,TRAIN,2018-02-23 01:18:00,2018-02-23 01:18:00,30.0,1,0.00390625,0.00390625
16,Friday-23-02-2018_TrafficForML_CICFlowMeter_30s_state.csv,TRAIN,2018-02-23 01:19:00,2018-02-23 01:19:00,30.0,1,0.0020449897750511,0.0020449897750511
17,Friday-23-02-2018_TrafficForML_CICFlowMeter_30s_state.csv,TRAIN,2018-02-23 01:20:00,2018-02-23 01:20:00,30.0,1,0.002008032128514,0.002008032128514
18,Friday-23-02-2018_TrafficForML_CICFlowMeter_30s_state.csv,TRAIN,2018-02-23 01:21:00,2018-02-23 01:21:00,30.0,1,0.0017905102954341,0.0017905102954341
19,Friday-23-02-2018_TrafficForML_CICFlowMeter_30s_state.csv,TRAIN,2018-02-23 01:22:00,2018-02-23 01:22:00,30.0,1,0.0017050298380221,0.0017050298380221
20,Friday-23-02-2018_TrafficForML_CICFlowMeter_30s_state.csv,TRAIN,2018-02-23 01:23:00,2018-02-23 01:23:30,60.0,2,0.00261881993725565,0.003003003003003
21,Friday-23-02-2018_TrafficForML_CICFlowMeter_30s_state.csv,TRAIN,2018-02-23 01:24:30,2018-02-23 01:24:30,30.0,1,0.003683241252302,0.003683241252302
22,Friday-23-02-2018_TrafficForML_CICFlowMeter_30s_state.csv,TRAIN,2018-02-23 01:25:30,2018-02-23 01:25:30,30.0,1,0.0040899795501022,0.0040899795501022
23,Friday-23-02-2018_TrafficForML_CICFlowMeter_30s_state.csv,TRAIN,2018-02-23 01:26:30,2018-02-23 01:26:30,30.0,1,0.0013661202185792,0.0013661202185792
24,Friday-23-02-2018_TrafficForML_CICFlowMeter_30s_state.csv,TRAIN,2018-02-23 01:27:30,2018-02-23 01:27:30,30.0,1,0.0053333333333333,0.0053333333333333
25,Friday-23-02-2018_TrafficForML_CICFlowMeter_30s_state.csv,TRAIN,2018-02-23 01:28:30,2018-02-23 01:28:30,30.0,1,0.0028288543140028,0.0028288543140028
26,Friday-23-02-2018_TrafficForML_CICFlowMeter_30s_state.csv,TRAIN,2018-02-23 01:29:30,2018-02-23 01:29:30,30.0,1,0.0025,0.0025
27,Friday-23-02-2018_TrafficForML_CICFlowMeter_30s_state.csv,TRAIN,2018-02-23 01:30:30,2018-02-23 01:30:30,30.0,1,0.002092050209205,0.002092050209205
28,Friday-23-02-2018_TrafficForML_CICFlowMeter_30s_state.csv,TRAIN,2018-02-23 01:31:30,2018-02-23 01:31:30,30.0,1,0.003976143141153,0.003976143141153
29,Friday-23-02-2018_TrafficForML_CICFlowMeter_30s_state.csv,TRAIN,2018-02-23 01:32:30,2018-02-23 01:32:30,30.0,1,0.0022909507445589,0.0022909507445589
30,Friday-23-02-2018_TrafficForML_CICFlowMeter_30s_state.csv,TRAIN,2018-02-23 01:33:30,2018-02-23 01:33:30,30.0,1,0.0039682539682539,0.0039682539682539
31,Friday-23-02-2018_TrafficForML_CICFlowMeter_30s_state.csv,TRAIN,2018-02-23 01:34:30,2018-02-23 01:34:30,30.0,1,0.0022522522522522,0.0022522522522522
32,Friday-23-02-2018_TrafficForML_CICFlowMeter_30s_state.csv,TRAIN,2018-02-23 01:35:30,2018-02-23 01:36:00,60.0,2,0.00188404354725445,0.002770083102493
33,Friday-23-02-2018_TrafficForML_CICFlowMeter_30s_state.csv,TRAIN,2018-02-23 01:37:00,2018-02-23 01:37:00,30.0,1,0.0028818443804034,0.0028818443804034
34,Friday-23-02-2018_TrafficForML_CICFlowMeter_30s_state.csv,TRAIN,2018-02-23 01:38:00,2018-02-23 01:38:00,30.0,1,0.0020304568527918,0.0020304568527918
35,Friday-23-02-2018_TrafficForML_CICFlowMeter_30s_state.csv,TRAIN,2018-02-23 01:39:00,2018-02-23 01:39:00,30.0,1,0.0031645569620253,0.0031645569620253
36,Friday-23-02-2018_TrafficForML_CICFlowMeter_30s_state.csv,TRAIN,2018-02-23 01:40:00,2018-02-23 01:40:00,30.0,1,0.0022497187851518,0.0022497187851518
37,Friday-23-02-2018_TrafficForML_CICFlowMeter_30s_state.csv,TRAIN,2018-02-23 01:41:00,2018-02-23 01:42:00,90.0,3,0.0015041637733812666,0.0025125628140703
38,Friday-23-02-2018_TrafficForML_CICFlowMeter_30s_state.csv,TRAIN,2018-02-23 01:43:00,2018-02-23 01:43:00,30.0,1,0.0025839793281653,0.0025839793281653
39,Friday-23-02-2018_TrafficForML_CICFlowMeter_30s_state.csv,TRAIN,2018-02-23 01:44:00,2018-02-23 01:44:00,30.0,1,0.0031397174254317,0.0031397174254317
40,Friday-23-02-2018_TrafficForML_CICFlowMeter_30s_state.csv,TRAIN,2018-02-23 01:45:00,2018-02-23 01:45:00,30.0,1,0.0034965034965034,0.0034965034965034
41,Friday-23-02-2018_TrafficForML_CICFlowMeter_30s_state.csv,TRAIN,2018-02-23 01:46:00,2018-02-23 01:46:00,30.0,1,0.0015515903801396,0.0015515903801396
42,Friday-23-02-2018_TrafficForML_CICFlowMeter_30s_state.csv,TRAIN,2018-02-23 01:47:00,2018-02-23 01:47:30,60.0,2,0.0027902621722846,0.0033333333333333
43,Friday-23-02-2018_TrafficForML_CICFlowMeter_30s_state.csv,TRAIN,2018-02-23 01:48:30,2018-02-23 01:48:30,30.0,1,0.0027586206896551,0.0027586206896551
44,Friday-23-02-2018_TrafficForML_CICFlowMeter_30s_state.csv,TRAIN,2018-02-23 01:49:30,2018-02-23 01:49:30,30.0,1,0.005050505050505,0.005050505050505
45,Friday-23-02-2018_TrafficForML_CICFlowMeter_30s_state.csv,TRAIN,2018-02-23 01:50:30,2018-02-23 01:50:30,30.0,1,0.0033333333333333,0.0033333333333333
46,Friday-23-02-2018_TrafficForML_CICFlowMeter_30s_state.csv,TRAIN,2018-02-23 01:51:30,2018-02-23 01:51:30,30.0,1,0.0017391304347826,0.0017391304347826
47,Friday-23-02-2018_TrafficForML_CICFlowMeter_30s_state.csv,TRAIN,2018-02-23 01:52:30,2018-02-23 01:52:30,30.0,1,0.0017793594306049,0.0017793594306049
48,Friday-23-02-2018_TrafficForML_CICFlowMeter_30s_state.csv,TRAIN,2018-02-23 01:53:30,2018-02-23 01:53:30,30.0,1,0.0020942408376963,0.0020942408376963
49,Friday-23-02-2018_TrafficForML_CICFlowMeter_30s_state.csv,TRAIN,2018-02-23 01:54:30,2018-02-23 01:54:30,30.0,1,0.0033057851239669,0.0033057851239669
50,Friday-23-02-2018_TrafficForML_CICFlowMeter_30s_state.csv,TRAIN,2018-02-23 01:55:30,2018-02-23 01:55:30,30.0,1,0.0016220600162206,0.0016220600162206
51,Friday-23-02-2018_TrafficForML_CICFlowMeter_30s_state.csv,TRAIN,2018-02-23 01:56:30,2018-02-23 01:56:30,30.0,1,0.0062305295950155,0.0062305295950155
52,Friday-23-02-2018_TrafficForML_CICFlowMeter_30s_state.csv,TRAIN,2018-02-23 01:57:30,2018-02-23 01:57:30,30.0,1,0.0024813895781637,0.0024813895781637
53,Friday-23-02-2018_TrafficForML_CICFlowMeter_30s_state.csv,TRAIN,2018-02-23 01:58:30,2018-02-23 01:59:00,60.0,2,0.0049423691992034,0.0054794520547945
54,Friday-23-02-2018_TrafficForML_CICFlowMeter_30s_state.csv,TRAIN,2018-02-23 02:00:00,2018-02-23 02:00:00,30.0,1,0.0034305317324185,0.0034305317324185
55,Friday-23-02-2018_TrafficForML_CICFlowMeter_30s_state.csv,TRAIN,2018-02-23 02:01:00,2018-02-23 02:01:00,30.0,1,0.0038535645472061,0.0038535645472061
56,Friday-23-02-2018_TrafficForML_CICFlowMeter_30s_state.csv,TRAIN,2018-02-23 02:02:00,2018-02-23 02:02:00,30.0,1,0.0045146726862302,0.0045146726862302
57,Friday-23-02-2018_TrafficForML_CICFlowMeter_30s_state.csv,TRAIN,2018-02-23 02:03:00,2018-02-23 02:03:00,30.0,1,0.0052770448548812,0.0052770448548812
58,Friday-23-02-2018_TrafficForML_CICFlowMeter_30s_state.csv,TRAIN,2018-02-23 02:04:00,2018-02-23 02:04:00,30.0,1,0.0060240963855421,0.0060240963855421
59,Friday-23-02-2018_TrafficForML_CICFlowMeter_30s_state.csv,TRAIN,2018-02-23 02:05:00,2018-02-23 02:06:00,90.0,3,0.005291200446260133,0.0096153846153846
60,Friday-23-02-2018_TrafficForML_CICFlowMeter_30s_state.csv,TRAIN,2018-02-23 02:07:00,2018-02-23 02:07:00,30.0,1,0.0022396416573348,0.0022396416573348
61,Friday-23-02-2018_TrafficForML_CICFlowMeter_30s_state.csv,TRAIN,2018-02-23 02:08:00,2018-02-23 02:08:00,30.0,1,0.0031948881789137,0.0031948881789137
62,Friday-23-02-2018_TrafficForML_CICFlowMeter_30s_state.csv,TRAIN,2018-02-23 02:09:00,2018-02-23 02:09:00,30.0,1,0.0016012810248198,0.0016012810248198
63,Friday-23-02-2018_TrafficForML_CICFlowMeter_30s_state.csv,TRAIN,2018-02-23 02:10:00,2018-02-23 02:10:00,30.0,1,0.0042105263157894,0.0042105263157894
64,Friday-23-02-2018_TrafficForML_CICFlowMeter_30s_state.csv,TRAIN,2018-02-23 03:05:00,2018-02-23 03:06:30,120.0,4,0.0063189639201328245,0.0116666666666666
65,Friday-23-02-2018_TrafficForML_CICFlowMeter_30s_state.csv,TRAIN,2018-02-23 03:08:00,2018-02-23 03:09:00,90.0,3,0.003956553990570333,0.0059880239520958
66,Friday-23-02-2018_TrafficForML_CICFlowMeter_30s_state.csv,TRAIN,2018-02-23 03:12:00,2018-02-23 03:13:30,120.0,4,0.0031468299714497,0.0063291139240506
67,Friday-23-02-2018_TrafficForML_CICFlowMeter_30s_state.csv,TRAIN,2018-02-23 03:15:00,2018-02-23 03:17:00,150.0,5,0.0050283129000956595,0.0101302460202604
68,Friday-23-02-2018_TrafficForML_CICFlowMeter_30s_state.csv,TRAIN,2018-02-23 09:17:00,2018-02-23 09:17:00,30.0,1,0.0008064516129032,0.0008064516129032
69,Friday-23-02-2018_TrafficForML_CICFlowMeter_30s_state.csv,TRAIN,2018-02-23 09:57:00,2018-02-23 09:57:00,30.0,1,0.000870322019147,0.000870322019147
70,Friday-23-02-2018_TrafficForML_CICFlowMeter_30s_state.csv,TRAIN,2018-02-23 10:02:30,2018-02-23 10:03:00,60.0,2,0.0026092453172479,0.0036764705882352
71,Friday-23-02-2018_TrafficForML_CICFlowMeter_30s_state.csv,TRAIN,2018-02-23 10:04:00,2018-02-23 10:06:00,150.0,5,0.00274192872348774,0.0050041701417848
72,Friday-23-02-2018_TrafficForML_CICFlowMeter_30s_state.csv,TRAIN,2018-02-23 10:07:00,2018-02-23 10:07:00,30.0,1,0.0067643742953776,0.0067643742953776
73,Friday-23-02-2018_TrafficForML_CICFlowMeter_30s_state.csv,TRAIN,2018-02-23 10:08:00,2018-02-23 10:10:00,150.0,5,0.00473550421816954,0.007502679528403
74,Friday-23-02-2018_TrafficForML_CICFlowMeter_30s_state.csv,TRAIN,2018-02-23 10:11:00,2018-02-23 10:19:30,540.0,18,0.0038054235590208726,0.0115163147792706
75,Friday-23-02-2018_TrafficForML_CICFlowMeter_30s_state.csv,TRAIN,2018-02-23 10:20:30,2018-02-23 10:20:30,30.0,1,0.0069252077562326,0.0069252077562326
76,Friday-23-02-2018_TrafficForML_CICFlowMeter_30s_state.csv,TRAIN,2018-02-23 10:21:30,2018-02-23 10:22:30,90.0,3,0.0051006483074764,0.007537688442211
77,Friday-23-02-2018_TrafficForML_CICFlowMeter_30s_state.csv,TRAIN,2018-02-23 10:23:30,2018-02-23 10:26:00,180.0,6,0.0057061205251139994,0.0112781954887218
78,Friday-23-02-2018_TrafficForML_CICFlowMeter_30s_state.csv,TRAIN,2018-02-23 10:27:00,2018-02-23 10:28:00,90.0,3,0.0067416512935264674,0.0086058519793459
79,Friday-23-02-2018_TrafficForML_CICFlowMeter_30s_state.csv,TRAIN,2018-02-23 10:29:00,2018-02-23 10:29:00,30.0,1,0.0070821529745042,0.0070821529745042
80,Friday-23-02-2018_TrafficForML_CICFlowMeter_30s_state.csv,TRAIN,2018-02-23 10:30:00,2018-02-23 10:32:00,150.0,5,0.00266313331871076,0.0039893617021276
81,Friday-23-02-2018_TrafficForML_CICFlowMeter_30s_state.csv,TRAIN,2018-02-23 10:33:00,2018-02-23 10:37:30,300.0,10,0.0031273924128215405,0.0046801872074883
82,Friday-23-02-2018_TrafficForML_CICFlowMeter_30s_state.csv,TRAIN,2018-02-23 10:38:30,2018-02-23 10:42:30,270.0,9,0.004116187108716489,0.0112866817155756
83,Friday-23-02-2018_TrafficForML_CICFlowMeter_30s_state.csv,TRAIN,2018-02-23 10:43:30,2018-02-23 10:44:30,90.0,3,0.0033655400497007333,0.0046565774155995
84,Friday-23-02-2018_TrafficForML_CICFlowMeter_30s_state.csv,TRAIN,2018-02-23 10:45:30,2018-02-23 10:45:30,30.0,1,0.0057937427578215,0.0057937427578215
85,Friday-23-02-2018_TrafficForML_CICFlowMeter_30s_state.csv,TRAIN,2018-02-23 10:46:30,2018-02-23 10:50:00,240.0,8,0.003484370042562725,0.008
86,Friday-23-02-2018_TrafficForML_CICFlowMeter_30s_state.csv,TRAIN,2018-02-23 10:51:00,2018-02-23 10:51:00,30.0,1,0.0042826552462526,0.0042826552462526
87,Friday-23-02-2018_TrafficForML_CICFlowMeter_30s_state.csv,TRAIN,2018-02-23 10:52:00,2018-02-23 10:54:00,150.0,5,0.0043641819006610405,0.0085959885386819
88,Friday-23-02-2018_TrafficForML_CICFlowMeter_30s_state.csv,TRAIN,2018-02-23 10:55:00,2018-02-23 11:01:30,420.0,14,0.00306281043021355,0.0070422535211267
89,Friday-23-02-2018_TrafficForML_CICFlowMeter_30s_state.csv,TRAIN,2018-02-23 11:02:30,2018-02-23 11:02:30,30.0,1,0.0022805017103762,0.0022805017103762
90,Thuesday-20-02-2018_TrafficForML_CICFlowMeter_30s_state.csv,TRAIN,2018-02-20 01:14:00,2018-02-20 01:15:00,90.0,3,0.006159387016053668,0.0080614923134608
91,Thuesday-20-02-2018_TrafficForML_CICFlowMeter_30s_state.csv,TRAIN,2018-02-20 01:16:00,2018-02-20 01:17:00,90.0,3,0.0047264989771382,0.0063063063063063
92,Thuesday-20-02-2018_TrafficForML_CICFlowMeter_30s_state.csv,TRAIN,2018-02-20 01:18:00,2018-02-20 01:19:00,90.0,3,0.005071853026079833,0.0068210659898477
93,Thuesday-20-02-2018_TrafficForML_CICFlowMeter_30s_state.csv,TRAIN,2018-02-20 01:20:00,2018-02-20 01:21:00,90.0,3,0.0042246121478989335,0.0059490868843386
94,Thuesday-20-02-2018_TrafficForML_CICFlowMeter_30s_state.csv,TRAIN,2018-02-20 01:22:00,2018-02-20 01:23:00,90.0,3,0.005514761110488366,0.0070967741935483
95,Thuesday-20-02-2018_TrafficForML_CICFlowMeter_30s_state.csv,TRAIN,2018-02-20 01:24:00,2018-02-20 01:25:00,90.0,3,0.005063328667797966,0.0066075987385493
96,Thuesday-20-02-2018_TrafficForML_CICFlowMeter_30s_state.csv,TRAIN,2018-02-20 01:26:00,2018-02-20 01:27:00,90.0,3,0.0050305489997986,0.0064037258041042
97,Thuesday-20-02-2018_TrafficForML_CICFlowMeter_30s_state.csv,TRAIN,2018-02-20 01:28:00,2018-02-20 01:29:00,90.0,3,0.0039829581690672,0.0051997163791065
98,Thuesday-20-02-2018_TrafficForML_CICFlowMeter_30s_state.csv,TRAIN,2018-02-20 10:13:30,2018-02-20 11:16:30,3810.0,127,0.3836850930724989,0.4980544747081712
99,Thursday-01-03-2018_TrafficForML_CICFlowMeter_30s_state.csv,TEST,2018-03-01 02:00:00,2018-03-01 03:36:30,5820.0,194,0.7067362365279258,0.97949979499795
100,Thursday-01-03-2018_TrafficForML_CICFlowMeter_30s_state.csv,TEST,2018-03-01 09:57:00,2018-03-01 10:54:30,3480.0,116,0.7483078360049996,0.9902152641878668
101,Thursday-15-02-2018_TrafficForML_CICFlowMeter_30s_state.csv,TRAIN,2018-02-15 09:27:30,2018-02-15 09:31:00,240.0,8,0.5367008056935954,0.6893300248138958
102,Thursday-15-02-2018_TrafficForML_CICFlowMeter_30s_state.csv,TRAIN,2018-02-15 09:37:30,2018-02-15 09:40:30,210.0,7,0.5627095936845536,0.7298063297118564
103,Thursday-15-02-2018_TrafficForML_CICFlowMeter_30s_state.csv,TRAIN,2018-02-15 09:49:00,2018-02-15 09:57:00,510.0,17,0.5632026150407238,0.7237026647966339
104,Thursday-15-02-2018_TrafficForML_CICFlowMeter_30s_state.csv,TRAIN,2018-02-15 10:02:30,2018-02-15 10:02:30,30.0,1,0.0020408163265306,0.0020408163265306
105,Thursday-15-02-2018_TrafficForML_CICFlowMeter_30s_state.csv,TRAIN,2018-02-15 11:00:00,2018-02-15 11:42:00,2550.0,85,0.10862499535134493,0.3134851138353765
106,Thursday-22-02-2018_TrafficForML_CICFlowMeter_30s_state.csv,TRAIN,2018-02-22 01:51:30,2018-02-22 01:51:30,30.0,1,0.0021754894851341,0.0021754894851341
107,Thursday-22-02-2018_TrafficForML_CICFlowMeter_30s_state.csv,TRAIN,2018-02-22 01:52:30,2018-02-22 01:54:00,120.0,4,0.00212997220710065,0.0030349013657056
108,Thursday-22-02-2018_TrafficForML_CICFlowMeter_30s_state.csv,TRAIN,2018-02-22 01:55:00,2018-02-22 01:55:00,30.0,1,0.0016891891891891,0.0016891891891891
109,Thursday-22-02-2018_TrafficForML_CICFlowMeter_30s_state.csv,TRAIN,2018-02-22 01:56:00,2018-02-22 01:56:00,30.0,1,0.0016920473773265,0.0016920473773265
110,Thursday-22-02-2018_TrafficForML_CICFlowMeter_30s_state.csv,TRAIN,2018-02-22 01:57:00,2018-02-22 01:57:00,30.0,1,0.002677376171352,0.002677376171352
111,Thursday-22-02-2018_TrafficForML_CICFlowMeter_30s_state.csv,TRAIN,2018-02-22 01:58:00,2018-02-22 01:58:00,30.0,1,0.0011305822498586,0.0011305822498586
112,Thursday-22-02-2018_TrafficForML_CICFlowMeter_30s_state.csv,TRAIN,2018-02-22 01:59:00,2018-02-22 01:59:00,30.0,1,0.0017497812773403,0.0017497812773403
113,Thursday-22-02-2018_TrafficForML_CICFlowMeter_30s_state.csv,TRAIN,2018-02-22 02:00:00,2018-02-22 02:00:00,30.0,1,0.0011160714285714,0.0011160714285714
114,Thursday-22-02-2018_TrafficForML_CICFlowMeter_30s_state.csv,TRAIN,2018-02-22 02:01:00,2018-02-22 02:01:30,60.0,2,0.0019989354898931,0.0021528525296017
115,Thursday-22-02-2018_TrafficForML_CICFlowMeter_30s_state.csv,TRAIN,2018-02-22 02:02:30,2018-02-22 02:02:30,30.0,1,0.0033898305084745,0.0033898305084745
116,Thursday-22-02-2018_TrafficForML_CICFlowMeter_30s_state.csv,TRAIN,2018-02-22 02:03:30,2018-02-22 02:03:30,30.0,1,0.0049875311720698,0.0049875311720698
117,Thursday-22-02-2018_TrafficForML_CICFlowMeter_30s_state.csv,TRAIN,2018-02-22 02:04:30,2018-02-22 02:04:30,30.0,1,0.002,0.002
118,Thursday-22-02-2018_TrafficForML_CICFlowMeter_30s_state.csv,TRAIN,2018-02-22 02:05:30,2018-02-22 02:05:30,30.0,1,0.0036697247706422,0.0036697247706422
119,Thursday-22-02-2018_TrafficForML_CICFlowMeter_30s_state.csv,TRAIN,2018-02-22 02:06:30,2018-02-22 02:06:30,30.0,1,0.0019801980198019,0.0019801980198019
120,Thursday-22-02-2018_TrafficForML_CICFlowMeter_30s_state.csv,TRAIN,2018-02-22 02:07:30,2018-02-22 02:07:30,30.0,1,0.0034722222222222,0.0034722222222222
121,Thursday-22-02-2018_TrafficForML_CICFlowMeter_30s_state.csv,TRAIN,2018-02-22 02:08:30,2018-02-22 02:08:30,30.0,1,0.0042105263157894,0.0042105263157894
122,Thursday-22-02-2018_TrafficForML_CICFlowMeter_30s_state.csv,TRAIN,2018-02-22 02:09:30,2018-02-22 02:09:30,30.0,1,0.0023557126030624,0.0023557126030624
123,Thursday-22-02-2018_TrafficForML_CICFlowMeter_30s_state.csv,TRAIN,2018-02-22 02:10:30,2018-02-22 02:10:30,30.0,1,0.0024691358024691,0.0024691358024691
124,Thursday-22-02-2018_TrafficForML_CICFlowMeter_30s_state.csv,TRAIN,2018-02-22 02:11:30,2018-02-22 02:11:30,30.0,1,0.0037383177570093,0.0037383177570093
125,Thursday-22-02-2018_TrafficForML_CICFlowMeter_30s_state.csv,TRAIN,2018-02-22 02:12:30,2018-02-22 02:12:30,30.0,1,0.0038461538461538,0.0038461538461538
126,Thursday-22-02-2018_TrafficForML_CICFlowMeter_30s_state.csv,TRAIN,2018-02-22 02:13:30,2018-02-22 02:13:30,30.0,1,0.0009770395701025,0.0009770395701025
127,Thursday-22-02-2018_TrafficForML_CICFlowMeter_30s_state.csv,TRAIN,2018-02-22 02:14:30,2018-02-22 02:14:30,30.0,1,0.0030911901081916,0.0030911901081916
128,Thursday-22-02-2018_TrafficForML_CICFlowMeter_30s_state.csv,TRAIN,2018-02-22 02:15:30,2018-02-22 02:15:30,30.0,1,0.0015527950310559,0.0015527950310559
129,Thursday-22-02-2018_TrafficForML_CICFlowMeter_30s_state.csv,TRAIN,2018-02-22 02:16:30,2018-02-22 02:16:30,30.0,1,0.0021978021978021,0.0021978021978021
130,Thursday-22-02-2018_TrafficForML_CICFlowMeter_30s_state.csv,TRAIN,2018-02-22 02:17:30,2018-02-22 02:17:30,30.0,1,0.003584229390681,0.003584229390681
131,Thursday-22-02-2018_TrafficForML_CICFlowMeter_30s_state.csv,TRAIN,2018-02-22 02:18:30,2018-02-22 02:18:30,30.0,1,0.0015600624024961,0.0015600624024961
132,Thursday-22-02-2018_TrafficForML_CICFlowMeter_30s_state.csv,TRAIN,2018-02-22 02:19:30,2018-02-22 02:19:30,30.0,1,0.0023094688221709,0.0023094688221709
133,Thursday-22-02-2018_TrafficForML_CICFlowMeter_30s_state.csv,TRAIN,2018-02-22 02:20:30,2018-02-22 02:20:30,30.0,1,0.0025673940949935,0.0025673940949935
134,Thursday-22-02-2018_TrafficForML_CICFlowMeter_30s_state.csv,TRAIN,2018-02-22 02:21:30,2018-02-22 02:21:30,30.0,1,0.0034965034965034,0.0034965034965034
135,Thursday-22-02-2018_TrafficForML_CICFlowMeter_30s_state.csv,TRAIN,2018-02-22 02:22:30,2018-02-22 02:22:30,30.0,1,0.0015748031496062,0.0015748031496062
136,Thursday-22-02-2018_TrafficForML_CICFlowMeter_30s_state.csv,TRAIN,2018-02-22 02:23:30,2018-02-22 02:23:30,30.0,1,0.0037453183520599,0.0037453183520599
137,Thursday-22-02-2018_TrafficForML_CICFlowMeter_30s_state.csv,TRAIN,2018-02-22 02:24:30,2018-02-22 02:24:30,30.0,1,0.0026954177897574,0.0026954177897574
138,Thursday-22-02-2018_TrafficForML_CICFlowMeter_30s_state.csv,TRAIN,2018-02-22 02:25:30,2018-02-22 02:25:30,30.0,1,0.0036363636363636,0.0036363636363636
139,Thursday-22-02-2018_TrafficForML_CICFlowMeter_30s_state.csv,TRAIN,2018-02-22 02:26:30,2018-02-22 02:26:30,30.0,1,0.0031746031746031,0.0031746031746031
140,Thursday-22-02-2018_TrafficForML_CICFlowMeter_30s_state.csv,TRAIN,2018-02-22 02:27:30,2018-02-22 02:27:30,30.0,1,0.0046620046620046,0.0046620046620046
141,Thursday-22-02-2018_TrafficForML_CICFlowMeter_30s_state.csv,TRAIN,2018-02-22 02:28:30,2018-02-22 02:28:30,30.0,1,0.003610108303249,0.003610108303249
142,Thursday-22-02-2018_TrafficForML_CICFlowMeter_30s_state.csv,TRAIN,2018-02-22 04:14:30,2018-02-22 04:14:30,30.0,1,0.0065573770491803,0.0065573770491803
143,Thursday-22-02-2018_TrafficForML_CICFlowMeter_30s_state.csv,TRAIN,2018-02-22 04:16:30,2018-02-22 04:20:30,270.0,9,0.0024736099337070447,0.0052246603970741
144,Thursday-22-02-2018_TrafficForML_CICFlowMeter_30s_state.csv,TRAIN,2018-02-22 04:22:00,2018-02-22 04:22:00,30.0,1,0.0036764705882352,0.0036764705882352
145,Thursday-22-02-2018_TrafficForML_CICFlowMeter_30s_state.csv,TRAIN,2018-02-22 04:24:30,2018-02-22 04:24:30,30.0,1,0.0012165450121654,0.0012165450121654
146,Thursday-22-02-2018_TrafficForML_CICFlowMeter_30s_state.csv,TRAIN,2018-02-22 04:27:30,2018-02-22 04:27:30,30.0,1,0.0019230769230769,0.0019230769230769
147,Thursday-22-02-2018_TrafficForML_CICFlowMeter_30s_state.csv,TRAIN,2018-02-22 10:13:30,2018-02-22 10:14:00,60.0,2,0.0069758366125727,0.010515247108307
148,Thursday-22-02-2018_TrafficForML_CICFlowMeter_30s_state.csv,TRAIN,2018-02-22 10:15:30,2018-02-22 10:15:30,30.0,1,0.0026548672566371,0.0026548672566371
149,Thursday-22-02-2018_TrafficForML_CICFlowMeter_30s_state.csv,TRAIN,2018-02-22 10:17:30,2018-02-22 10:18:00,60.0,2,0.00377145712626445,0.0046189376443418
150,Thursday-22-02-2018_TrafficForML_CICFlowMeter_30s_state.csv,TRAIN,2018-02-22 10:19:00,2018-02-22 10:19:00,30.0,1,0.0037735849056603,0.0037735849056603
151,Thursday-22-02-2018_TrafficForML_CICFlowMeter_30s_state.csv,TRAIN,2018-02-22 10:20:00,2018-02-22 10:20:00,30.0,1,0.0033557046979865,0.0033557046979865
152,Thursday-22-02-2018_TrafficForML_CICFlowMeter_30s_state.csv,TRAIN,2018-02-22 10:21:00,2018-02-22 10:21:00,30.0,1,0.0074766355140186,0.0074766355140186
153,Thursday-22-02-2018_TrafficForML_CICFlowMeter_30s_state.csv,TRAIN,2018-02-22 10:22:00,2018-02-22 10:22:00,30.0,1,0.0037383177570093,0.0037383177570093
154,Thursday-22-02-2018_TrafficForML_CICFlowMeter_30s_state.csv,TRAIN,2018-02-22 10:23:00,2018-02-22 10:23:00,30.0,1,0.0029354207436399,0.0029354207436399
155,Thursday-22-02-2018_TrafficForML_CICFlowMeter_30s_state.csv,TRAIN,2018-02-22 10:24:00,2018-02-22 10:24:00,30.0,1,0.0008615738081562,0.0008615738081562
156,Thursday-22-02-2018_TrafficForML_CICFlowMeter_30s_state.csv,TRAIN,2018-02-22 10:25:00,2018-02-22 10:25:00,30.0,1,0.0026478375992939,0.0026478375992939
157,Thursday-22-02-2018_TrafficForML_CICFlowMeter_30s_state.csv,TRAIN,2018-02-22 10:26:00,2018-02-22 10:26:00,30.0,1,0.0046838407494145,0.0046838407494145
158,Thursday-22-02-2018_TrafficForML_CICFlowMeter_30s_state.csv,TRAIN,2018-02-22 10:27:00,2018-02-22 10:27:00,30.0,1,0.0046783625730994,0.0046783625730994
159,Thursday-22-02-2018_TrafficForML_CICFlowMeter_30s_state.csv,TRAIN,2018-02-22 10:28:00,2018-02-22 10:28:00,30.0,1,0.0048780487804878,0.0048780487804878
160,Thursday-22-02-2018_TrafficForML_CICFlowMeter_30s_state.csv,TRAIN,2018-02-22 10:29:00,2018-02-22 10:30:30,120.0,4,0.0028714010129636753,0.0041551246537396
161,Thursday-22-02-2018_TrafficForML_CICFlowMeter_30s_state.csv,TRAIN,2018-02-22 10:31:30,2018-02-22 10:31:30,30.0,1,0.0039682539682539,0.0039682539682539
162,Thursday-22-02-2018_TrafficForML_CICFlowMeter_30s_state.csv,TRAIN,2018-02-22 10:32:30,2018-02-22 10:32:30,30.0,1,0.0036144578313253,0.0036144578313253
163,Thursday-22-02-2018_TrafficForML_CICFlowMeter_30s_state.csv,TRAIN,2018-02-22 10:33:30,2018-02-22 10:33:30,30.0,1,0.0030864197530864,0.0030864197530864
164,Thursday-22-02-2018_TrafficForML_CICFlowMeter_30s_state.csv,TRAIN,2018-02-22 10:34:30,2018-02-22 10:34:30,30.0,1,0.0042857142857142,0.0042857142857142
165,Thursday-22-02-2018_TrafficForML_CICFlowMeter_30s_state.csv,TRAIN,2018-02-22 10:35:30,2018-02-22 10:35:30,30.0,1,0.0048899755501222,0.0048899755501222
166,Thursday-22-02-2018_TrafficForML_CICFlowMeter_30s_state.csv,TRAIN,2018-02-22 10:36:30,2018-02-22 10:36:30,30.0,1,0.003671970624235,0.003671970624235
167,Thursday-22-02-2018_TrafficForML_CICFlowMeter_30s_state.csv,TRAIN,2018-02-22 10:37:30,2018-02-22 10:37:30,30.0,1,0.0008917954815695,0.0008917954815695
168,Thursday-22-02-2018_TrafficForML_CICFlowMeter_30s_state.csv,TRAIN,2018-02-22 10:38:30,2018-02-22 10:38:30,30.0,1,0.0019788918205804,0.0019788918205804
169,Thursday-22-02-2018_TrafficForML_CICFlowMeter_30s_state.csv,TRAIN,2018-02-22 10:39:30,2018-02-22 10:39:30,30.0,1,0.0013863216266173,0.0013863216266173
170,Thursday-22-02-2018_TrafficForML_CICFlowMeter_30s_state.csv,TRAIN,2018-02-22 10:40:30,2018-02-22 10:40:30,30.0,1,0.0024953212726138,0.0024953212726138
171,Thursday-22-02-2018_TrafficForML_CICFlowMeter_30s_state.csv,TRAIN,2018-02-22 10:41:30,2018-02-22 10:43:00,120.0,4,0.0027880788859144245,0.0048
172,Thursday-22-02-2018_TrafficForML_CICFlowMeter_30s_state.csv,TRAIN,2018-02-22 10:44:00,2018-02-22 10:44:00,30.0,1,0.0015022533800701,0.0015022533800701
173,Thursday-22-02-2018_TrafficForML_CICFlowMeter_30s_state.csv,TRAIN,2018-02-22 10:45:00,2018-02-22 10:45:00,30.0,1,0.0046583850931677,0.0046583850931677
174,Thursday-22-02-2018_TrafficForML_CICFlowMeter_30s_state.csv,TRAIN,2018-02-22 10:46:00,2018-02-22 10:46:00,30.0,1,0.0026385224274406,0.0026385224274406
175,Thursday-22-02-2018_TrafficForML_CICFlowMeter_30s_state.csv,TRAIN,2018-02-22 10:47:00,2018-02-22 10:47:00,30.0,1,0.0030549898167006,0.0030549898167006
176,Thursday-22-02-2018_TrafficForML_CICFlowMeter_30s_state.csv,TRAIN,2018-02-22 10:48:00,2018-02-22 10:48:00,30.0,1,0.0044052863436123,0.0044052863436123
177,Thursday-22-02-2018_TrafficForML_CICFlowMeter_30s_state.csv,TRAIN,2018-02-22 10:49:00,2018-02-22 10:49:00,30.0,1,0.0032715376226826,0.0032715376226826
178,Thursday-22-02-2018_TrafficForML_CICFlowMeter_30s_state.csv,TRAIN,2018-02-22 10:50:00,2018-02-22 10:50:00,30.0,1,0.0067796610169491,0.0067796610169491
179,Thursday-22-02-2018_TrafficForML_CICFlowMeter_30s_state.csv,TRAIN,2018-02-22 10:51:00,2018-02-22 10:51:00,30.0,1,0.001233045622688,0.001233045622688
180,Thursday-22-02-2018_TrafficForML_CICFlowMeter_30s_state.csv,TRAIN,2018-02-22 10:52:00,2018-02-22 10:52:00,30.0,1,0.0030549898167006,0.0030549898167006
181,Thursday-22-02-2018_TrafficForML_CICFlowMeter_30s_state.csv,TRAIN,2018-02-22 10:53:00,2018-02-22 10:53:00,30.0,1,0.0024906600249066,0.0024906600249066
182,Thursday-22-02-2018_TrafficForML_CICFlowMeter_30s_state.csv,TRAIN,2018-02-22 10:54:00,2018-02-22 10:54:00,30.0,1,0.0033726812816188,0.0033726812816188
183,Thursday-22-02-2018_TrafficForML_CICFlowMeter_30s_state.csv,TRAIN,2018-02-22 10:55:00,2018-02-22 10:55:00,30.0,1,0.0019569471624266,0.0019569471624266
184,Thursday-22-02-2018_TrafficForML_CICFlowMeter_30s_state.csv,TRAIN,2018-02-22 10:56:00,2018-02-22 10:56:00,30.0,1,0.0026631158455392,0.0026631158455392
185,Thursday-22-02-2018_TrafficForML_CICFlowMeter_30s_state.csv,TRAIN,2018-02-22 10:57:00,2018-02-22 10:57:00,30.0,1,0.0035242290748898,0.0035242290748898
186,Thursday-22-02-2018_TrafficForML_CICFlowMeter_30s_state.csv,TRAIN,2018-02-22 10:58:00,2018-02-22 10:58:00,30.0,1,0.0028228652081863,0.0028228652081863
187,Thursday-22-02-2018_TrafficForML_CICFlowMeter_30s_state.csv,TRAIN,2018-02-22 10:59:00,2018-02-22 10:59:00,30.0,1,0.0032706459525756,0.0032706459525756
188,Thursday-22-02-2018_TrafficForML_CICFlowMeter_30s_state.csv,TRAIN,2018-02-22 11:00:00,2018-02-22 11:00:00,30.0,1,0.0021186440677966,0.0021186440677966
189,Thursday-22-02-2018_TrafficForML_CICFlowMeter_30s_state.csv,TRAIN,2018-02-22 11:01:00,2018-02-22 11:01:00,30.0,1,0.0026578073089701,0.0026578073089701
190,Thursday-22-02-2018_TrafficForML_CICFlowMeter_30s_state.csv,TRAIN,2018-02-22 11:02:00,2018-02-22 11:02:30,60.0,2,0.0035938801436696498,0.0048250904704463
191,Thursday-22-02-2018_TrafficForML_CICFlowMeter_30s_state.csv,TRAIN,2018-02-22 11:03:30,2018-02-22 11:03:30,30.0,1,0.0032,0.0032
192,Thursday-22-02-2018_TrafficForML_CICFlowMeter_30s_state.csv,TRAIN,2018-02-22 11:04:30,2018-02-22 11:04:30,30.0,1,0.0007716049382716,0.0007716049382716
193,Thursday-22-02-2018_TrafficForML_CICFlowMeter_30s_state.csv,TRAIN,2018-02-22 11:05:30,2018-02-22 11:05:30,30.0,1,0.0013888888888888,0.0013888888888888
194,Thursday-22-02-2018_TrafficForML_CICFlowMeter_30s_state.csv,TRAIN,2018-02-22 11:06:30,2018-02-22 11:06:30,30.0,1,0.0025173064820641,0.0025173064820641
195,Thursday-22-02-2018_TrafficForML_CICFlowMeter_30s_state.csv,TRAIN,2018-02-22 11:07:30,2018-02-22 11:07:30,30.0,1,0.0019960079840319,0.0019960079840319
196,Thursday-22-02-2018_TrafficForML_CICFlowMeter_30s_state.csv,TRAIN,2018-02-22 11:08:30,2018-02-22 11:08:30,30.0,1,0.0038058991436726,0.0038058991436726
197,Thursday-22-02-2018_TrafficForML_CICFlowMeter_30s_state.csv,TRAIN,2018-02-22 11:09:30,2018-02-22 11:09:30,30.0,1,0.0025078369905956,0.0025078369905956
198,Thursday-22-02-2018_TrafficForML_CICFlowMeter_30s_state.csv,TRAIN,2018-02-22 11:10:30,2018-02-22 11:10:30,30.0,1,0.0046893317702227,0.0046893317702227
199,Thursday-22-02-2018_TrafficForML_CICFlowMeter_30s_state.csv,TRAIN,2018-02-22 11:11:30,2018-02-22 11:11:30,30.0,1,0.0016077170418006,0.0016077170418006
200,Thursday-22-02-2018_TrafficForML_CICFlowMeter_30s_state.csv,TRAIN,2018-02-22 11:12:30,2018-02-22 11:12:30,30.0,1,0.0029970029970029,0.0029970029970029
201,Thursday-22-02-2018_TrafficForML_CICFlowMeter_30s_state.csv,TRAIN,2018-02-22 11:13:30,2018-02-22 11:16:00,180.0,6,0.0019382098983751165,0.0038119440914866
202,Thursday-22-02-2018_TrafficForML_CICFlowMeter_30s_state.csv,TRAIN,2018-02-22 11:17:00,2018-02-22 11:17:00,30.0,1,0.0044444444444444,0.0044444444444444
203,Thursday-22-02-2018_TrafficForML_CICFlowMeter_30s_state.csv,TRAIN,2018-02-22 11:18:00,2018-02-22 11:18:00,30.0,1,0.001339584728734,0.001339584728734
204,Thursday-22-02-2018_TrafficForML_CICFlowMeter_30s_state.csv,TRAIN,2018-02-22 11:19:00,2018-02-22 11:19:00,30.0,1,0.0050761421319796,0.0050761421319796
205,Thursday-22-02-2018_TrafficForML_CICFlowMeter_30s_state.csv,TRAIN,2018-02-22 11:20:00,2018-02-22 11:20:00,30.0,1,0.0041279669762641,0.0041279669762641
206,Thursday-22-02-2018_TrafficForML_CICFlowMeter_30s_state.csv,TRAIN,2018-02-22 11:21:00,2018-02-22 11:21:00,30.0,1,0.0019120458891013,0.0019120458891013
207,Thursday-22-02-2018_TrafficForML_CICFlowMeter_30s_state.csv,TRAIN,2018-02-22 11:22:00,2018-02-22 11:22:00,30.0,1,0.0033030553261767,0.0033030553261767
208,Thursday-22-02-2018_TrafficForML_CICFlowMeter_30s_state.csv,TRAIN,2018-02-22 11:23:00,2018-02-22 11:23:00,30.0,1,0.0022988505747126,0.0022988505747126
209,Wednesday-14-02-2018_TrafficForML_CICFlowMeter_30s_state.csv,TRAIN,2018-02-14 02:01:00,2018-02-14 03:32:30,5520.0,184,0.7303672136792863,0.8886032562125107
210,Wednesday-14-02-2018_TrafficForML_CICFlowMeter_30s_state.csv,TRAIN,2018-02-14 10:33:00,2018-02-14 12:10:30,5880.0,196,0.5267751001362139,0.7268722466960352
211,Wednesday-21-02-2018_TrafficForML_CICFlowMeter_30s_state.csv,TRAIN,2018-02-21 02:15:00,2018-02-21 02:33:00,1110.0,37,0.5823267276734874,0.9999582759627822
212,Wednesday-21-02-2018_TrafficForML_CICFlowMeter_30s_state.csv,TRAIN,2018-02-21 10:13:30,2018-02-21 10:43:00,1800.0,60,0.47895129713761586,0.9
213,Wednesday-28-02-2018_TrafficForML_CICFlowMeter_30s_state.csv,VALIDATION,2018-02-28 01:42:00,2018-02-28 02:39:30,3480.0,116,0.35393838670228794,0.4792592592592593
214,Wednesday-28-02-2018_TrafficForML_CICFlowMeter_30s_state.csv,VALIDATION,2018-02-28 10:50:00,2018-02-28 12:04:30,4500.0,150,0.37169098734480505,0.4836997725549659
